{
  "version": 1,
  "author": "The Bin - Hack Club",
  "editor": "wokwi",
  "parts": [
    { "type": "board-pi-pico-w", "id": "pico", "top": 0, "left": 0, "attrs": {} },
    {
      "type": "wokwi-pushbutton",
      "id": "wokwi-pushbutton-0",
      "top": -3.4,
      "left": 115.2,
      "attrs": {}
    },
    { "type": "wokwi-ky-040", "id": "wokwi-ky-040-0", "top": 126.5, "left": -164, "attrs": {} },
    {
      "type": "wokwi-neopixel",
      "id": "wokwi-neopixel-0",
      "top": 217.3,
      "left": 152.6,
      "attrs": {}
    },
    {
      "type": "wokwi-pushbutton",
      "id": "wokwi-pushbutton-1",
      "top": 54.2,
      "left": 115.2,
      "attrs": {}
    },
    { "type": "wokwi-neopixel", "id": "wokwi-neopixel-1", "top": 217.3, "left": 191, "attrs": {} },
    {
      "type": "wokwi-neopixel",
      "id": "wokwi-neopixel-2",
      "top": 207.7,
      "left": 229.4,
      "attrs": {}
    },
    {
      "type": "wokwi-neopixel",
      "id": "wokwi-neopixel-3",
      "top": 217.3,
      "left": 114.2,
      "attrs": {}
    }
  ],
  "connections": [
    [ "pico:GP0", "$serialMonitor:RX", "", [] ],
    [ "pico:GP1", "$serialMonitor:TX", "", [] ],
    [ "pico:GND.4", "wokwi-ky-040-0:GND", "black", [ "h-44.45", "v131.19", "h57.6" ] ],
    [ "wokwi-pushbutton-1:1.r", "wokwi-pushbutton-0:2.r", "black", [ "v0" ] ],
    [ "wokwi-pushbutton-1:1.l", "wokwi-pushbutton-0:2.l", "black", [ "h0" ] ],
    [ "wokwi-pushbutton-0:2.l", "pico:GND.8", "black", [ "h0" ] ],
    [ "pico:GND.5", "wokwi-neopixel-3:VSS", "black", [ "h23.06", "v83.19", "h38.4" ] ],
    [ "wokwi-neopixel-0:VSS", "wokwi-neopixel-3:VSS", "black", [ "v27.9", "h-39.2", "v-19.2" ] ],
    [ "wokwi-neopixel-1:VSS", "wokwi-neopixel-0:VSS", "black", [ "v27.9", "h-29.6" ] ],
    [ "wokwi-neopixel-2:VSS", "wokwi-neopixel-1:VSS", "black", [ "v27.9", "h-29.6" ] ],
    [ "wokwi-neopixel-0:DOUT", "wokwi-neopixel-3:DIN", "cyan", [ "h-9.6", "v-10.5" ] ],
    [ "wokwi-neopixel-1:DOUT", "wokwi-neopixel-0:DIN", "cyan", [ "h-9.6", "v-10.5" ] ],
    [ "wokwi-neopixel-2:DOUT", "wokwi-neopixel-1:DIN", "cyan", [ "h0" ] ],
    [ "wokwi-neopixel-3:VDD", "wokwi-neopixel-0:VDD", "red", [ "h0", "v-9.6", "h38.4" ] ],
    [ "wokwi-neopixel-1:VDD", "wokwi-neopixel-0:VDD", "red", [ "h0", "v-9.6", "h-38.4" ] ],
    [ "wokwi-neopixel-2:VDD", "wokwi-neopixel-1:VDD", "red", [ "h-38.4" ] ],
    [ "pico:VBUS", "wokwi-neopixel-2:VDD", "red", [ "h23.06", "v-22.45", "h144" ] ],
    [ "wokwi-ky-040-0:VCC", "wokwi-neopixel-3:VDD", "red", [ "h67.2", "v-38" ] ],
    [ "pico:GP0", "wokwi-pushbutton-0:1.l", "green", [ "h-25.25", "v-32.05", "h134.4" ] ],
    [ "pico:GP1", "wokwi-pushbutton-1:2.l", "magenta", [ "h-25.25", "v63.95" ] ],
    [ "wokwi-ky-040-0:CLK", "pico:GP2", "blue", [ "h9.6", "v-86.4" ] ],
    [ "wokwi-ky-040-0:DT", "pico:GP3", "yellow", [ "h19.2", "v-95.9" ] ],
    [ "wokwi-ky-040-0:SW", "pico:GND.1", "black", [ "h38.4", "v-124.7" ] ],
    [ "wokwi-neopixel-2:DIN", "pico:GP4", "gray", [ "h-442.4", "v-144" ] ]
  ],
  "dependencies": {}
}